{
  "project_info": {
    "project_number": "409988033866",
    "project_id": "eyedentify-941b9",
    "storage_bucket": "eyedentify-941b9.firebasestorage.app"
  },
  "client": [
    {
      "client_info": {
        "mobilesdk_app_id": "1:409988033866:android:83f2a576320e45502fa5b3",
        "android_client_info": {
          "package_name": "com.logronio.eyedentify_mobapp_finals"
        }
      },
      "oauth_client": [],
      "api_key": [
        {
          "current_key": "AIzaSyAI1KmGwhWQxRC1ZT7n_f8F0oPDP7zxhMU"
        }
      ],
      "services": {
        "appinvite_service": {
          "other_platform_oauth_client": []
        }
      }
    }
  ],
  "configuration_version": "1"
}